날짜,종가,오픈,고가,저가,거래량,변동 %
2022-11-30,321,314.35,321.01,314.2,189.08M,1.72%
2022-11-29,315.58,311.79,315.74,311.07,94.42M,1.08%
2022-11-28,312.21,313.89,313.89,311.28,96.04M,-1.22%
2022-11-25,316.07,317.28,318.1,315.76,102.91M,-0.39%
2022-11-24,317.3,316.6,317.33,315.27,99.54M,1.02%
2022-11-23,314.11,314.84,315.24,312.65,148.27M,0.67%
2022-11-22,312.02,312.88,315.09,311.69,115.97M,-0.84%
2022-11-21,314.67,317.22,317.65,312.99,123.42M,-0.77%
2022-11-18,317.12,317.63,320.7,316.7,136.52M,0.12%
2022-11-17,316.75,319.98,320.35,316.75,157.36M,-1.62%
2022-11-16,321.96,322.98,322.98,318.02,177.08M,-0.11%
2022-11-15,322.31,322.76,323.03,319.96,144.81M,0.24%
2022-11-14,321.53,323.41,324.73,320.86,267.59M,-0.48%
2022-11-11,323.09,320.47,323.51,319.97,236.34M,3.84%
2022-11-10,311.13,312.63,314.91,311.13,149.97M,-1.30%
2022-11-09,315.23,313.4,316.09,312.54,162.13M,1.03%
2022-11-08,312.01,310.08,312.57,309.21,142.95M,1.34%
2022-11-07,307.87,306.08,308.15,305.05,148.87M,1.16%
2022-11-04,304.33,301.16,304.33,299.46,182.72M,0.89%
2022-11-03,301.66,298.55,303.8,297.62,179.82M,-0.73%
2022-11-02,303.87,302.49,305.1,302.02,192.34M,0.00%
2022-11-01,303.88,300.53,304.01,299.84,272.49M,1.44%
2022-10-31,299.58,298.61,300.05,296.45,121.05M,1.53%
2022-10-28,295.06,296.8,298.45,294.65,131.08M,-1.26%
2022-10-27,298.82,295.85,299.19,295.01,176.20M,1.69%
2022-10-26,293.85,292.21,295.28,291.4,122.30M,0.78%
2022-10-25,291.58,291.29,293.75,290.53,116.35M,0.04%
2022-10-24,291.47,293.6,294.24,290.52,116.18M,1.00%
2022-10-21,288.57,287.68,290.38,287.44,102.37M,-0.01%
2022-10-20,288.61,289.33,290.07,286.5,136.90M,-0.92%
2022-10-19,291.29,293.41,295.34,290.9,110.85M,-0.78%
2022-10-18,293.59,293.34,293.78,289.77,117.12M,1.39%
2022-10-17,289.57,285.89,290.04,284.91,111.60M,0.07%
2022-10-14,289.36,287.59,290.32,286.59,132.07M,2.40%
2022-10-13,282.57,286.27,286.36,282.57,133.29M,-1.57%
2022-10-12,287.09,285.23,287.52,284.32,120.86M,0.75%
2022-10-11,284.96,284.39,284.96,282.04,127.82M,-1.88%
2022-10-07,290.41,288.35,292.2,287.84,128.16M,-0.29%
2022-10-06,291.26,291.2,293.32,290.09,93.86M,0.76%
2022-10-05,289.05,293.87,294.47,287.44,138.91M,0.27%
2022-10-04,288.27,286.25,288.96,285.42,120.02M,2.46%
2022-09-30,281.36,281.75,284.35,278.39,143.74M,-0.46%
2022-09-29,282.65,286.6,287.81,282.56,128.43M,-0.19%
2022-09-28,283.19,287.66,289.75,280.8,160.84M,-2.42%
2022-09-27,290.2,290.27,290.75,286.76,152.31M,0.15%
2022-09-26,289.77,293.65,293.96,289.01,177.69M,-2.68%
2022-09-23,297.74,301.48,302.09,296.85,114.63M,-1.30%
2022-09-22,301.65,300.67,302.19,299.3,114.96M,-0.99%
2022-09-21,304.67,305.09,306.07,303.77,104.49M,-0.93%
2022-09-20,307.54,308.76,309.98,306.79,96.96M,0.34%
2022-09-19,306.49,309.58,309.89,305.68,101.19M,-0.71%
2022-09-16,308.69,308.58,309.54,307.03,135.94M,-0.62%
2022-09-15,310.63,313.15,313.84,310.63,111.22M,-0.67%
2022-09-14,312.74,310.08,313.94,309.06,118.21M,-1.83%
2022-09-13,318.56,313.93,319.37,313.93,150.59M,3.05%
2022-09-08,309.12,310.23,310.51,308.26,149.12M,0.31%
2022-09-07,308.16,310.86,311.1,306.69,146.29M,-1.55%
2022-09-06,313.01,313.36,314.97,311.69,91.54M,0.17%
2022-09-05,312.47,313.09,315.22,310.91,112.44M,-0.14%
2022-09-02,312.92,316.46,316.74,312.18,133.78M,-0.67%
2022-09-01,315.02,318.74,318.76,315.02,183.42M,-2.46%
2022-08-31,322.96,316.96,323.37,316.26,228.42M,1.09%
2022-08-30,319.49,317.97,320,316.94,133.48M,0.99%
2022-08-29,316.35,317.45,317.47,315.48,203.73M,-2.33%
2022-08-26,323.91,325.36,326.59,323.3,188.82M,0.09%
2022-08-25,323.63,321.58,323.63,320.81,130.66M,1.18%
2022-08-24,319.86,320.15,320.99,318.16,156.50M,0.37%
2022-08-23,318.69,320.85,321.5,318.26,118.04M,-1.26%
2022-08-22,322.77,323.29,324.42,321.83,93.52M,-1.23%
2022-08-19,326.79,329.06,329.08,326.34,125.26M,-0.61%
2022-08-18,328.8,327.47,329.94,326.06,101.50M,-0.34%
2022-08-17,329.91,332.11,333.24,329.3,105.79M,-0.56%
2022-08-16,331.78,332.68,333.47,331.08,131.43M,0.34%
2022-08-12,330.67,329.23,331.12,329.07,138.07M,0.23%
2022-08-11,329.92,328.2,329.92,327.74,140.04M,1.72%
2022-08-10,324.35,326.3,326.43,323.86,134.97M,-1.15%
2022-08-09,328.11,327.21,328.62,325.28,121.62M,0.27%
2022-08-08,327.23,326.05,327.45,325.21,113.67M,-0.08%
2022-08-05,327.5,326.71,328.47,326.36,119.89M,0.62%
2022-08-04,325.47,326.11,326.4,324.38,110.17M,0.52%
2022-08-03,323.8,321.48,323.8,320.25,93.90M,0.67%
2022-08-02,321.64,322.64,322.85,320.21,113.13M,-0.41%
2022-08-01,322.97,322.14,324.31,320.86,111.15M,-0.11%
2022-07-29,323.31,324.38,325.83,321.95,163.69M,0.53%
2022-07-28,321.62,322.89,323.73,320.76,131.10M,0.59%
2022-07-27,319.74,319.83,320.04,317.3,88.69M,0.04%
2022-07-26,319.61,317.39,319.91,317.03,87.53M,0.40%
2022-07-25,318.34,316.4,320.07,316.2,94.02M,0.32%
2022-07-22,317.33,319.12,320.94,317,120.59M,-0.74%
2022-07-21,319.68,316.22,320.14,316.22,91.22M,1.16%
2022-07-20,316.02,319.15,319.68,315.48,113.81M,0.68%
2022-07-19,313.9,313.38,314.06,311.81,95.26M,-0.31%
2022-07-18,314.87,311.06,315.17,310.6,113.85M,2.26%
2022-07-15,307.91,307.45,308.14,302.1,125.25M,0.84%
2022-07-14,305.35,304.7,307.93,303.65,115.97M,-0.40%
2022-07-13,306.59,306.24,308.62,304.99,110.89M,0.51%
2022-07-12,305.03,306.94,307.56,303.32,107.07M,-1.06%
2022-07-11,308.29,311.05,311.86,307.97,94.92M,-0.60%
2022-07-08,310.15,310.73,313.01,310.02,108.52M,0.60%
2022-07-07,308.31,304.3,310.07,304.2,126.31M,1.99%
2022-07-06,302.28,307.14,307.9,302.06,156.26M,-2.18%
2022-07-05,309.03,307.15,309.99,305.35,110.06M,1.65%
2022-07-04,304.01,304.46,305.82,300.82,128.36M,0.00%
2022-07-01,304.02,308.72,310.55,301.95,136.34M,-1.04%
2022-06-30,307.2,311.2,311.63,307.2,143.73M,-1.81%
2022-06-29,312.86,314.33,315.16,312.52,132.70M,-1.96%
2022-06-28,319.11,316.65,319.11,315.19,117.27M,0.92%
2022-06-27,316.2,314.31,319.08,311.85,136.48M,1.32%
2022-06-24,312.07,307.47,313.42,306.27,137.83M,2.17%
2022-06-23,305.45,308.81,310.94,304.13,197.73M,-0.85%
2022-06-22,308.08,317.47,317.63,308.08,161.70M,-2.62%
2022-06-21,316.38,315.95,318.74,313.66,120.06M,0.62%
2022-06-20,314.44,321.46,321.62,311.71,151.13M,-1.77%
2022-06-17,320.09,316.36,320.71,314.79,197.27M,-0.67%
2022-06-16,322.25,326.72,328.84,321.54,138.75M,0.01%
2022-06-15,322.21,327.7,328.3,320.29,159.36M,-1.83%
2022-06-14,328.23,325.68,329.27,323.36,174.25M,-0.50%
2022-06-13,329.88,335.76,335.97,329.88,163.80M,-3.51%
2022-06-10,341.89,342.32,343.25,340.66,136.21M,-1.36%
2022-06-09,346.62,345.35,346.82,343.69,191.39M,0.12%
2022-06-08,346.22,346.46,348.11,345.56,123.30M,0.16%
2022-06-07,345.67,350.04,350.53,345.02,135.31M,-1.80%
2022-06-03,352.01,353.47,353.93,351.1,134.65M,0.43%
2022-06-02,350.51,352.29,352.81,349.55,196.09M,-1.14%
2022-05-31,354.54,351.79,354.72,350.01,266.68M,0.58%
2022-05-30,352.49,351.53,352.85,350.07,151.01M,1.28%
2022-05-27,348.04,348.42,349.11,347.15,133.07M,1.10%
2022-05-26,344.26,345.54,349.03,342.65,126.45M,-0.39%
2022-05-25,345.6,346.34,347.6,343.51,125.14M,0.44%
2022-05-24,344.08,349.02,349.79,344.08,151.00M,-1.79%
2022-05-23,350.34,351.16,351.41,348.48,183.16M,0.30%
2022-05-20,349.29,345.15,349.68,344.89,133.21M,1.76%
2022-05-19,343.24,341.07,344.1,340.55,196.53M,-1.46%
2022-05-18,348.34,349.62,351.2,347.15,166.29M,0.23%
2022-05-17,347.53,345.14,347.91,345.13,171.09M,1.04%
2022-05-16,343.94,348.13,348.88,343.52,231.88M,-0.45%
2022-05-13,345.5,340.49,345.82,339.72,187.36M,2.24%
2022-05-12,337.94,340.14,343.03,337.65,262.82M,-1.60%
2022-05-11,343.44,342.22,344.45,341.22,184.52M,-0.07%
2022-05-10,343.67,343.22,344.73,338.46,249.37M,-0.50%
2022-05-09,345.41,347.71,349.4,344.84,256.54M,-1.03%
2022-05-06,349,350.26,350.26,347.98,622.95M,-1.37%
2022-05-04,353.85,354.85,356.05,352.27,279.18M,0.15%
2022-05-03,353.32,354.28,356.45,353.12,132.70M,-0.20%
2022-05-02,354.02,351.31,354.53,350.94,131.47M,-0.30%
2022-04-29,355.08,350.43,355.34,349.73,182.27M,1.41%
2022-04-28,350.16,348.61,350.16,346.02,164.68M,1.14%
2022-04-27,346.21,346.42,346.78,343.76,146.76M,-1.27%
2022-04-26,350.67,351.33,352.2,350.38,122.92M,0.48%
2022-04-25,348.98,351.36,352.26,348.91,139.46M,-1.81%
2022-04-22,355.43,355.54,356.08,353.64,214.76M,-1.00%
2022-04-21,359.02,358.33,360.74,358.24,148.56M,0.42%
2022-04-20,357.52,357.14,358.28,354.93,148.87M,0.04%
2022-04-19,357.36,355.77,358.53,355.29,130.22M,1.05%
2022-04-18,353.63,352.19,354.87,351.46,111.00M,-0.06%
2022-04-15,353.84,354.35,355.1,352.63,142.64M,-0.99%
2022-04-14,357.38,359.23,359.29,356.17,159.16M,-0.45%
2022-04-13,359,353.83,359.43,353.3,177.43M,1.90%
2022-04-12,352.32,353.51,354.83,351.37,129.72M,-0.97%
2022-04-11,355.78,354.47,357.73,353.78,131.52M,-0.06%
2022-04-08,356.01,356.86,357.62,354.27,166.11M,0.08%
2022-04-07,355.73,358.43,358.92,355.37,193.94M,-1.46%
2022-04-06,361.01,362.04,362.96,360.52,176.51M,-1.02%
2022-04-05,364.74,366.08,366.67,363.67,244.23M,-0.05%
2022-04-04,364.94,361.85,365.08,360.69,171.55M,0.48%
2022-04-01,363.19,363.97,364.1,361.54,446.85M,-0.66%
2022-03-31,365.61,364.1,367.01,363.94,388.61M,0.30%
2022-03-30,364.5,366.15,366.76,363.68,139.98K,0.20%
2022-03-29,363.77,364.18,365.56,362.27,132.70M,0.47%
2022-03-28,362.06,360.63,363.25,358.7,136.54M,0.00%
2022-03-25,362.06,364.76,364.92,361.34,119.07M,-0.36%
2022-03-24,363.38,361.83,363.5,360.4,149.35M,-0.40%
2022-03-23,364.84,364.06,366.4,362.89,137.43M,0.88%
2022-03-22,361.66,358.76,362.11,358.61,120.70M,0.81%
2022-03-21,358.77,363.81,363.86,358.41,117.14M,-0.98%
2022-03-18,362.33,361.16,362.78,359.6,155.32M,0.24%
2022-03-17,361.46,362.39,364.18,361.36,172.54M,1.51%
2022-03-16,356.09,354.88,356.29,351.97,125.09M,1.44%
2022-03-15,351.03,352.34,353.9,350.38,149.11M,-1.01%
2022-03-14,354.61,354.72,356.48,352.82,163.91M,-0.20%
2022-03-11,355.31,355.95,356.85,353.26,182.55M,-0.75%
2022-03-10,358.01,354.33,358.27,354.33,212.65M,2.47%
2022-03-08,349.38,348.12,352.82,346.85,185.90M,-1.03%
2022-03-07,353.03,356.59,356.59,351.91,193.16M,-2.39%
2022-03-04,361.69,365.35,365.54,360.19,237.19M,-1.46%
2022-03-03,367.06,364.37,367.4,363.99,167.18M,1.79%
2022-03-02,360.59,361.52,362.81,359.89,170.94M,-0.26%
2022-02-28,361.54,356.59,361.54,355.77,237.32M,0.86%
2022-02-25,358.44,358.79,360.85,357.02,154.97M,0.96%
2022-02-24,355.04,360.05,360.77,354.01,167.28M,-2.58%
2022-02-23,364.44,366.25,366.58,362.39,139.93M,0.26%
2022-02-22,363.51,362.93,364.81,360.74,162.88M,-1.30%
2022-02-21,368.29,362.83,368.75,361.14,109.54M,-0.07%
2022-02-18,368.55,365.57,369.32,364.69,137.05M,-0.27%
2022-02-17,369.55,368.11,373.03,365.48,209.73M,0.61%
2022-02-16,367.3,365.96,367.66,364.64,108.44M,1.91%
2022-02-15,360.43,364.44,364.79,358.75,140.83M,-0.70%
2022-02-14,362.98,364.36,365.97,360.46,146.97M,-1.53%
2022-02-11,368.61,367.54,371.35,366.9,161.47M,-0.80%
2022-02-10,371.57,371.84,372.86,369.3,180.49M,0.79%
2022-02-09,368.65,367.02,368.65,365.79,117.91M,1.42%
2022-02-08,363.48,365.91,367.32,360.78,133.11M,0.15%
2022-02-07,362.92,365.4,365.4,359.59,135.53M,-0.93%
2022-02-04,366.34,363.1,366.79,361.84,109.79M,1.31%
2022-02-03,361.6,364.07,366.13,361.6,125.48M,1.01%
2022-01-28,357.98,350.29,358.84,347.28,146.98M,2.70%
2022-01-27,348.58,360.83,363.11,348.55,158.32M,-3.39%
2022-01-26,360.83,363.72,365.31,360.47,109.34M,-0.43%
2022-01-25,362.39,370.3,370.73,359.85,142.18M,-2.40%
2022-01-24,371.3,374.64,375.45,369.63,112.64M,-1.27%
2022-01-21,376.08,376.74,377.69,373.35,134.24M,-1.13%
2022-01-20,380.39,377.97,380.45,376.49,114.10M,0.58%
2022-01-19,378.21,377.75,381.91,376.74,126.17M,-0.73%
2022-01-18,381.01,385.07,385.63,379.79,127.94M,-0.73%
2022-01-17,383.81,387,387.33,381.56,135.82M,-0.94%
2022-01-14,387.45,389.66,390.81,386.25,146.05M,-1.41%
2022-01-13,393,395.68,395.93,392.52,151.71M,-0.42%
2022-01-12,394.66,392.29,394.87,391.96,210.10M,1.46%
2022-01-11,388.97,388.32,390.43,386.26,133.43M,0.37%
2022-01-10,387.52,389.68,390.24,384.79,139.10M,-0.85%
2022-01-07,390.85,388.3,391.75,388.06,114.28M,1.20%
2022-01-06,386.22,386.59,390.51,385.3,152.39M,-1.07%
2022-01-05,390.39,394.91,395.2,387.56,175.49M,-1.27%
2022-01-04,395.4,396.01,396.71,393.35,117.16M,-0.03%
2022-01-03,395.51,397.16,399.44,394.26,97.58M,0.33%
2021-12-30,394.19,397.13,398.59,393.89,103.89M,-0.64%
2021-12-29,396.72,398.74,399.16,395.85,169.05M,-1.12%
2021-12-28,401.21,399.56,401.21,397.24,169.71M,0.65%
2021-12-27,398.61,400.61,401.07,398.31,103.64M,-0.48%
2021-12-24,400.53,399.72,402.46,399.66,102.50M,0.60%
2021-12-23,398.15,397.98,398.36,395.71,105.28M,0.53%
2021-12-22,396.07,396.82,398.06,394.77,100.31M,0.54%
2021-12-21,393.95,394.35,395.28,391.19,106.00M,0.66%
2021-12-20,391.37,396.42,396.61,390.92,97.27M,-1.90%
2021-12-17,398.96,394.46,399.02,394.26,134.70M,0.32%
2021-12-16,397.68,398.93,399.68,395.19,94.13M,0.51%
2021-12-15,395.66,393.99,395.76,392.85,88.94M,0.06%
2021-12-14,395.41,394.54,397.02,393.5,116.50M,-0.47%
2021-12-13,397.27,399.38,403.37,396.83,113.33M,-0.18%
2021-12-10,397.97,398.21,399.12,396.58,92.72M,-0.79%
2021-12-09,401.13,398.19,401.13,396.93,159.05M,0.97%
2021-12-08,397.27,399.89,402.34,396.32,140.13M,0.24%
2021-12-07,396.31,392.88,396.46,391.29,157.04M,0.88%
2021-12-06,392.85,389.95,394.4,387.58,124.90M,0.23%
2021-12-03,391.96,388.21,393.3,386.42,127.84M,0.60%
2021-12-02,389.64,379.76,389.64,379.59,150.99M,1.70%
2021-12-01,383.13,376.45,384.05,373.61,167.60M,2.65%
2021-11-30,373.24,385.01,386.34,370.86,258.52M,-2.20%
2021-11-29,381.63,381.25,384.97,379.27,178.59M,-0.89%
2021-11-26,385.07,390.61,392.81,384.19,145.77M,-1.75%
2021-11-25,391.93,395.67,395.73,391.69,117.21M,-0.88%
2021-11-24,395.4,397.88,399.38,393.27,128.29M,-0.26%
2021-11-23,396.44,399.43,399.52,395.58,124.51M,-0.66%
2021-11-22,399.07,393.16,399.88,392.75,144.70M,2.19%
2021-11-19,390.53,387.97,391.24,387.31,130.76M,0.80%
2021-11-18,387.44,388.86,390,386.31,130.47M,-0.51%
2021-11-17,389.44,394.88,395.25,388.7,146.33M,-1.17%
2021-11-16,394.07,393.94,396.49,392.62,134.39M,-0.07%
2021-11-15,394.36,393.36,395.56,392.16,174.94M,1.02%
2021-11-12,390.38,389.13,391.77,387.46,166.34M,1.14%
2021-11-11,385.97,383.84,386.03,382.57,212.91M,-0.07%
2021-11-10,386.24,388.37,390.36,385.57,117.56M,-1.06%
2021-11-09,390.36,389.17,393.13,388.25,127.59M,0.20%
2021-11-08,389.59,390.1,390.71,385.5,126.07M,-0.07%
2021-11-05,389.86,394.65,394.81,387.66,139.11M,-0.43%
2021-11-04,391.54,393.16,395.15,390.75,185.41M,0.53%
2021-11-03,389.48,395.73,395.85,388.52,137.22M,-1.35%
2021-11-02,394.82,392.18,398.1,392.18,126.75M,1.29%
2021-11-01,389.81,390.34,391.65,389.14,121.44M,0.34%
2021-10-29,388.47,396.08,396.92,387.82,146.47M,-1.38%
2021-10-28,393.89,394.87,397.79,393.89,180.65M,-0.40%
2021-10-27,395.48,398.31,398.82,394.41,193.85M,-0.90%
2021-10-26,399.07,397.75,399.67,396.28,135.40M,1.03%
2021-10-25,395.01,392.45,395.99,390.02,152.06M,0.42%
2021-10-22,393.34,392.82,394.91,391.54,108.30M,0.04%
2021-10-21,393.18,393.56,395.51,392.38,136.38M,-0.14%
2021-10-20,393.74,397.48,398.09,393.6,129.25M,-0.42%
2021-10-19,395.41,394.26,395.92,393.27,113.85M,0.86%
2021-10-18,392.02,393.39,394.16,389.74,126.68M,-0.30%
2021-10-15,393.19,392.94,394.58,391.36,170.78M,0.92%
2021-10-14,389.59,387.39,389.63,386.48,170.13M,1.43%
2021-10-13,384.1,380.12,385.72,379.31,154.27M,0.90%
2021-10-12,380.69,386.27,386.6,379.08,158.57M,-1.74%
2021-10-08,387.42,390.42,390.7,386.54,150.22M,-0.19%
2021-10-07,388.14,385.87,388.78,384.59,173.71M,1.63%
2021-10-06,381.93,391.01,392.37,381.93,229.53M,-1.57%
2021-10-05,388.01,391.95,392.02,384.92,202.46M,-1.72%
2021-10-01,394.79,399.53,400.52,394.14,155.62M,-1.62%
2021-09-30,401.3,399.41,402.9,397.98,182.82M,0.30%
2021-09-29,400.09,400.44,402.28,396.78,180.58M,-1.50%
2021-09-28,406.2,410.74,411.1,405.79,175.59M,-1.16%
2021-09-27,410.97,409.28,412.72,408.97,153.14M,0.28%
2021-09-24,409.84,412.01,412.8,409.09,153.82M,-0.15%
2021-09-23,410.46,409.04,410.92,407.39,164.54M,-0.13%
2021-09-17,410.99,408.9,411.36,407.07,165.79M,0.43%
2021-09-16,409.22,414.22,414.68,408.79,166.06M,-0.88%
2021-09-15,412.85,412.05,414.61,410.75,193.19M,0.12%
2021-09-14,412.36,411.06,414.85,410.98,179.78M,0.65%
2021-09-13,409.7,407.33,410.87,406.43,152.91M,0.24%
2021-09-10,408.7,407.99,409.78,405.99,145.03M,0.35%
2021-09-09,407.28,411.98,413.64,406.68,189.64M,-1.75%
2021-09-08,414.54,416.35,417.62,413.34,182.49M,-0.78%
2021-09-07,417.8,419.85,419.88,416.28,134.46M,-0.61%
2021-09-06,420.37,418.99,420.74,417.85,151.55M,0.27%
2021-09-03,419.22,417.67,419.78,416.4,147.69M,0.80%
2021-09-02,415.89,419.19,420.2,414.99,146.86M,-0.96%
2021-09-01,419.92,419.17,421.31,417.16,151.58M,0.03%
2021-08-31,419.79,411.69,419.9,409.67,170.99M,2.01%
2021-08-30,411.5,414.15,414.85,410.04,145.64M,0.31%
2021-08-27,410.24,408.63,411.79,406.81,132.45M,-0.03%
2021-08-26,410.38,414.49,415.74,409.79,174.28M,-0.86%
2021-08-25,413.95,414.01,416.03,410.63,176.20M,0.36%
2021-08-24,412.48,408.47,412.94,408.26,165.65M,1.95%
2021-08-23,404.58,404.32,407.82,401.63,166.04M,0.95%
2021-08-20,400.78,406.64,408.35,399.18,197.11M,-1.03%
2021-08-19,404.96,410.84,412.93,404.91,192.94M,-2.03%
2021-08-18,413.36,410.92,415.38,408.46,184.48M,0.50%
2021-08-17,411.31,415.5,417.23,410.31,207.92M,-1.14%
2021-08-13,416.06,421.38,422.04,413.64,221.07M,-1.50%
2021-08-12,422.38,423.17,425.53,421.42,251.30M,-0.56%
2021-08-11,424.74,427.16,428.88,424.3,170.67M,-0.89%
2021-08-10,428.56,433.01,433.11,427.28,174.09M,-0.72%
2021-08-09,431.65,431.57,433.16,430.05,140.99M,-0.38%
2021-08-06,433.29,434.85,436.61,432.27,143.72M,-0.33%
2021-08-05,434.74,436.46,437.85,434.24,267.97M,-0.30%
2021-08-04,436.05,431.6,436.71,430.16,166.74M,1.41%
2021-08-03,429.98,426.65,429.98,426.42,151.06M,0.75%
2021-08-02,426.79,426.29,426.85,422.86,117.34M,0.68%
2021-07-30,423.91,428.12,428.21,423.91,143.58M,-1.30%
2021-07-29,429.49,430.58,431.19,428.18,112.36M,0.08%
2021-07-28,429.15,427.3,429.71,425.34,132.99M,0.22%
2021-07-27,428.22,430.14,431.15,427.89,142.52M,0.18%
2021-07-26,427.47,433.14,433.28,427.46,146.23M,-0.95%
2021-07-23,431.55,431.75,433.23,430.27,173.07M,0.04%
2021-07-22,431.38,428.75,431.93,428.65,182.08M,1.26%
2021-07-21,426,430.99,431.29,425.82,212.12M,-0.60%
2021-07-20,428.55,427.14,428.78,425.99,163.96M,-0.31%
2021-07-19,429.89,432.25,432.25,428.94,152.02M,-1.13%
2021-07-16,434.82,436.24,436.24,432.85,149.48M,-0.44%
2021-07-15,436.76,434.24,436.85,433.12,152.54M,0.74%
2021-07-14,433.57,434.47,434.57,431.75,147.02M,-0.26%
2021-07-13,434.71,432.39,435.21,432.36,148.61M,0.80%
2021-07-12,431.28,429.33,432.02,429.3,134.96M,0.80%
2021-07-09,427.84,431.64,431.65,424.26,238.82M,-1.11%
2021-07-08,432.63,437.2,438.56,432.6,216.93M,-0.99%
2021-07-07,436.97,439.29,439.29,435.78,178.32M,-0.58%
2021-07-06,439.5,437.96,440.68,437.96,194.16M,0.42%
2021-07-05,437.66,436.53,438.92,436.53,180.18M,0.38%
2021-07-02,436,436.31,438.07,435.54,197.30M,-0.08%
2021-07-01,436.34,439.01,439.26,435.8,172.56M,-0.57%
2021-06-30,438.84,437.76,440.4,437.7,167.36M,0.30%
2021-06-29,437.54,440.48,440.6,436.17,231.75M,-0.55%
2021-06-28,439.98,440.78,441.54,438.55,237.76M,-0.10%
2021-06-25,440.4,438.76,442.31,438.75,367.17M,0.46%
2021-06-24,438.38,437.54,439.37,436.96,299.67M,0.38%
2021-06-23,436.73,434.65,437.37,434.62,372.08M,0.53%
2021-06-22,434.42,432.1,435.05,432.1,483.82M,0.69%
2021-06-21,431.46,434.57,434.57,429.52,242.43M,-0.82%
2021-06-18,435.02,434.82,436.69,434.39,230.15M,0.07%
2021-06-17,434.73,436.61,436.63,432.78,200.55M,-0.51%
2021-06-16,436.96,434.19,437.47,433.88,306.89M,0.65%
2021-06-15,434.13,433.41,434.99,432.48,336.10M,0.21%
2021-06-14,433.22,432.7,433.59,431.28,236.26M,0.10%
2021-06-11,432.78,429.61,433.42,429.61,328.90M,0.80%
2021-06-10,429.35,428.23,430.87,427.5,267.08M,0.28%
2021-06-09,428.16,432.35,432.53,428.16,248.52M,-1.09%
2021-06-08,432.88,433.21,435.02,431.71,323.68M,-0.09%
2021-06-07,433.26,432.82,435.77,430.76,337.93M,0.24%
2021-06-04,432.22,433.7,433.7,429.33,290.32M,-0.38%
2021-06-03,433.87,430.2,435.6,430.2,219.81M,0.86%
2021-06-02,430.15,430.6,433.06,429.14,292.52M,-0.04%
2021-06-01,430.32,428.08,432.18,426.94,225.69M,0.56%
2021-05-31,427.91,426.31,428.18,424.29,230.91M,0.46%
2021-05-28,425.95,423.88,427.51,423.58,203.18M,0.70%
2021-05-27,423,423.92,424.38,419.78,311.20M,-0.13%
2021-05-26,423.54,424.46,426.05,422.55,199.31M,-0.19%
2021-05-25,424.35,421.91,424.83,421.2,176.02M,0.90%
2021-05-24,420.57,421.92,423.09,419.38,177.69M,-0.36%
2021-05-21,422.08,423.12,427.75,420.7,196.32M,0.09%
2021-05-20,421.68,423.38,423.38,419.07,181.88M,-0.33%
2021-05-18,423.09,418.28,423.93,418.28,174.86M,1.15%
2021-05-17,418.27,421.97,423.19,416.08,207.00M,-0.45%
2021-05-14,420.17,417.5,421.75,417.5,199.29M,0.99%
2021-05-13,416.07,419.6,421.07,414.28,379.12M,-1.37%
2021-05-12,421.86,428.74,428.96,419.11,295.19M,-1.61%
2021-05-11,428.77,434.14,434.14,427.21,301.80M,-1.57%
2021-05-10,435.63,429.04,436.73,429.04,255.44M,1.65%
2021-05-07,428.56,426.51,429.94,426,229.12M,0.45%
2021-05-06,426.64,423.62,426.64,421.25,313.80M,0.72%
2021-05-04,423.57,420.99,423.57,418.53,208.97M,0.76%
2021-05-03,420.36,422.54,426.3,419.3,234.40M,-0.47%
2021-04-30,422.36,426.61,426.83,421.73,255.79M,-0.92%
2021-04-29,426.28,428.07,430.14,424.83,231.94M,-0.28%
2021-04-28,427.48,432.2,432.82,426.88,261.38M,-1.08%
2021-04-27,432.14,432.46,433.43,430.36,216.23M,-0.05%
2021-04-26,432.36,428.89,432.36,428.68,244.08M,0.94%
2021-04-23,428.34,426.68,428.87,422.92,215.68M,0.23%
2021-04-22,427.37,427.06,430.44,427.06,202.88M,0.15%
2021-04-21,426.75,433.4,433.47,425.93,187.76M,-1.81%
2021-04-20,434.6,431.9,434.7,431.38,185.75M,0.61%
2021-04-19,431.96,432.74,434.28,431.16,172.93M,-0.11%
2021-04-16,432.43,432.43,434.57,430.98,188.08M,-0.05%
2021-04-15,432.66,430.41,434.4,430.39,189.53M,0.45%
2021-04-14,430.71,429.14,431.65,428.04,154.42M,0.38%
2021-04-13,429.08,424.4,429.84,423.89,162.00M,1.15%
2021-04-12,424.22,424.73,426.62,423.1,134.97M,-0.02%
2021-04-09,424.3,427.26,428.65,423.33,166.99M,-0.60%
2021-04-08,426.86,426.73,427.32,424.36,221.93M,0.04%
2021-04-07,426.7,426.22,428.38,424.96,176.73M,0.19%
2021-04-06,425.88,425.18,427.68,423.35,162.96M,0.24%
2021-04-05,424.85,425.15,426.31,422.16,157.71M,0.26%
2021-04-02,423.74,422.19,425.13,422.02,163.07M,1.03%
2021-04-01,419.42,416.99,419.78,416.51,184.61M,1.06%
2021-03-31,415.04,417.12,420.18,415.04,225.86M,-0.38%
2021-03-30,416.61,412.32,417.44,412.32,207.51M,1.11%
2021-03-29,412.05,413.9,414.72,410.45,312.52M,-0.20%
2021-03-26,412.89,409.16,413.04,409.13,305.21M,1.07%
2021-03-25,408.53,407.03,411.27,405.59,180.93M,0.35%
2021-03-24,407.1,407.32,408.76,404.03,193.07M,-0.39%
2021-03-23,408.71,412.89,416.15,408.4,234.50M,-0.95%
2021-03-22,412.64,412.92,414.48,410.27,270.01M,-0.07%
2021-03-19,412.91,416.7,416.71,410.59,189.02M,-1.00%
2021-03-18,417.06,414.97,420.86,414.97,164.06M,0.74%
2021-03-17,414.01,417.35,417.67,411.32,132.77M,-0.79%
2021-03-16,417.31,414.82,418.06,414.11,155.16M,0.76%
2021-03-15,414.18,416.58,417.69,413.61,161.31M,-0.47%
2021-03-12,416.13,413.67,417.76,413.67,184.66M,1.24%
2021-03-11,411.02,404.36,413.24,404.36,231.92M,1.87%
2021-03-10,403.48,406.37,411.22,402.37,172.53M,-0.57%
2021-03-09,405.79,407.33,408.83,399.37,313.26M,-0.62%
2021-03-08,408.34,412.86,416.37,407.6,216.89M,-0.89%
2021-03-05,412,413.32,413.78,405.93,293.66M,-0.52%
2021-03-04,414.17,419.34,419.34,411.28,214.04M,-1.45%
2021-03-03,420.27,414.45,420.27,412.4,198.31M,1.32%
2021-03-02,414.8,411,422.41,411,229.89M,1.19%
2021-02-26,409.91,421.19,421.19,406.59,297.50M,-2.98%
2021-02-25,422.52,412.05,422.56,412.05,200.31M,3.77%
2021-02-24,407.16,415.78,420.05,406.86,252.63M,-2.08%
2021-02-23,415.82,415.07,419.58,410.84,228.35M,-0.25%
2021-02-22,416.88,421.96,425.9,416.8,272.97M,-0.96%
2021-02-19,420.94,417.98,421.36,411.58,246.86M,0.84%
2021-02-18,417.44,423.92,425.38,417.44,181.37M,-1.59%
2021-02-17,424.2,429.2,429.24,421.77,230.41M,-1.17%
2021-02-16,429.24,427.8,432.25,426.73,176.07M,0.52%
2021-02-15,427.01,420.85,428.64,420.6,191.24M,1.75%
2021-02-10,419.65,418.4,421.48,414.77,184.76M,0.42%
2021-02-09,417.91,420.71,424.94,417.87,201.53M,-0.25%
2021-02-08,418.95,422.3,424.62,418.37,229.54M,-1.03%
2021-02-05,423.3,419.84,424.2,417.85,221.56M,1.19%
2021-02-04,418.31,425.92,426.23,415.58,263.57M,-1.62%
2021-02-03,425.21,422.69,427.51,419.75,248.28M,0.99%
2021-02-02,421.03,416.77,427.63,416.77,219.04M,1.34%
2021-02-01,415.45,404.71,415.53,400.59,235.01M,2.69%
2021-01-29,404.56,417.92,421.05,402.94,305.30M,-2.84%
2021-01-28,416.4,422.92,422.92,413.34,242.94M,-1.72%
2021-01-27,423.67,427.11,432.62,423.23,205.61M,-0.72%
2021-01-26,426.73,436.27,437.19,425.64,236.60M,-2.42%
2021-01-25,437.3,427.64,437.96,427.17,231.21M,2.38%
2021-01-22,427.13,430.73,433.84,427.13,269.26M,-0.73%
2021-01-21,430.27,425.29,431.05,424.64,302.48M,1.48%
2021-01-20,424.01,425.17,429.39,419.27,259.50M,0.63%
2021-01-19,421.35,410.21,423.82,409.67,259.93M,2.64%
2021-01-18,410.5,419.7,419.7,408.69,289.24M,-2.36%
2021-01-15,420.43,430.37,436.35,420.33,279.52M,-2.19%
2021-01-14,429.85,430.43,431.54,427.13,284.70M,-0.12%
2021-01-13,430.38,427.98,433.27,424.97,303.67M,0.59%
2021-01-12,427.87,430.8,432.04,416.29,362.36M,-0.76%
2021-01-11,431.13,431.69,449.04,424.16,545.78M,0.21%
2021-01-08,430.22,412.06,431.99,412.06,499.11M,4.72%
2021-01-07,410.81,404,414.65,403.99,460.33M,2.17%
2021-01-06,402.08,406.33,411.21,401.06,429.08M,-0.97%
2021-01-05,406.03,399.79,406.03,396.43,470.87M,1.54%
2021-01-04,399.88,389.5,400.78,388.88,361.89M,2.72%
